{
  "CAN": [
    56.130366,
    -106.346771
  ],
  "AUS": [
    -25.274398,
    133.775136
  ],
  "AUT": [
    47.516231,
    14.550072
  ],
  "BEL": [
    50.503887,
    4.469936
  ],
  "BEL-FL": [
    51,
    4.5
  ],
  "BEL-FR": [
    50.85045,
    4.34878
  ],
  "BRA": [
    -14.235004,
    -51.92528
  ],
  "BGR": [
    42.733883,
    25.48583
  ],
  "ARG": [
    -38.416097,
    -63.616672
  ],
  "CHL": [
    -35.675147,
    -71.542969
  ],
  "COL": [
    4.570868,
    -74.297333
  ],
  "FYUG-HRV": [
    45.1,
    15.2
  ],
  "CSFR-CZE": [
    49.817492,
    15.472962
  ],
  "DNK": [
    56.26392,
    9.501785
  ],
  "GBR-ENG": [
    55.378051,
    -3.435973
  ],
  "USSR-EST": [
    58.595272,
    25.013607
  ],
  "FIN": [
    61.92411,
    25.748151
  ],
  "FRA": [
    46.227638,
    2.213749
  ],
  "USSR-GEO": [
    42.315407,
    43.356892
  ],
  "HUN": [
    47.162494,
    19.503304
  ],
  "ISL": [
    64.963051,
    -19.020835
  ],
  "ISR": [
    31.046051,
    34.851612
  ],
  "ITA": [
    41.87194,
    12.56738
  ],
  "JPN": [
    36.204824,
    138.252924
  ],
  "USSR-KAZ": [
    48.019573,
    66.923684
  ],
  "KOREA-NS": [
    35.907757,
    127.766922
  ],
  "USSR-LVA": [
    56.879635,
    24.603189
  ],
  "USSR-LTU": [
    55.169438,
    23.881275
  ],
  "MLT": [
    35.937496,
    14.375416
  ],
  "MEX": [
    23.634501,
    -102.552784
  ],
  "NLD": [
    52.132633,
    5.291266
  ],
  "NZL": [
    -40.900557,
    174.885971
  ],
  "NOR": [
    60.472024,
    8.468946
  ],
  "PRT": [
    39.399872,
    -8.224454
  ],
  "ROU": [
    45.943161,
    24.96676
  ],
  "USSR-RUS": [
    61.52401,
    105.318756
  ],
  "SAU": [
    23.885942,
    45.079162
  ],
  "CHN": [
    35.86166,
    104.195397
  ],
  "SGP": [
    1.352083,
    103.819836
  ],
  "CSFR-SVK": [
    48.669026,
    19.699024
  ],
  "FYUG-SVN": [
    46.151241,
    14.995463
  ],
  "ZAF": [
    -30.559482,
    22.937506
  ],
  "ESP": [
    40.463667,
    -3.74922
  ],
  "SWE": [
    60.128161,
    18.643501
  ],
  "TUR": [
    38.963745,
    35.243322
  ],
  "ARE": [
    23.424076,
    53.847818
  ],
  "USA": [
    37.09024,
    -95.712891
  ],
  "VNM": [
    14.058324,
    108.277199
  ],
  "THA": [
    15.870032,
    100.992541
  ],
  "TWN": [
    23.69781,
    120.960515
  ],
  "USSR-UKR": [
    48.379433,
    31.16558
  ],
  "URY": [
    -32.522779,
    -55.765835
  ],
  "DEU": [
    51.165691,
    10.451526
  ],
  "GRC": [
    39.074208,
    21.824312
  ],
  "IRL": [
    53.41291,
    -8.24389
  ],
  "LUX": [
    49.815273,
    6.129583
  ],
  "POL": [
    51.919438,
    19.145136
  ],
  "CHE": [
    46.818188,
    8.227512
  ],
  "ALB": [
    41.153332,
    20.168331
  ],
  "USSR-BLR": [
    53.709807,
    27.953389
  ],
  "PAN": [
    8.537981,
    -80.782127
  ],
  "CHN-BSJZ": [
    35.86166,
    104.195397
  ],
  "QAT": [
    25.354826,
    51.183884
  ],
  "PER": [
    -9.189967,
    -75.015152
  ],
  "PHL": [
    12.879721,
    121.774017
  ],
  "FYUG-BIH": [
    43.915886,
    17.679076
  ],
  "BRN": [
    4.535277,
    114.727669
  ],
  "CRI": [
    9.748917,
    -83.753428
  ],
  "CYP": [
    35.126413,
    33.429859
  ],
  "DOM": [
    18.735693,
    -70.162651
  ],
  "IDN": [
    -0.789275,
    113.921327
  ],
  "JOR": [
    30.585164,
    36.238414
  ],
  "XK": [
    42.602636,
    20.902977
  ],
  "LBN": [
    33.854721,
    35.862285
  ],
  "CHN-HKG": [
    22.302711,
    114.177216
  ],
  "CHN-MO": [
    22.1634178,
    113.5629425
  ],
  "MYS": [
    4.210484,
    101.975766
  ],
  "USSR-MDA": [
    47.411631,
    28.369885
  ],
  "MNE": [
    42.708678,
    19.37439
  ],
  "MAR": [
    31.791702,
    -7.09262
  ],
  "MK": [
    41.6137143,
    21.743258
  ],
  "SRB": [
    44.016521,
    21.005859
  ]
}
